{"0": [4.600820452553178, 4.600820452553178, 5.255610475743579, 5.255610475743579, 5.255610475743579, 6.031570665360162, 6.031570665360162, 6.031570665360162, 6.031570665360162, 6.031570665360162], "1": [4.823721385155279, 4.823721385155279, 4.823721385155279, 6.310709478306231, 6.596925315424962, 8.924107842653909, 8.924107842653909, 8.924107842653909, 8.924107842653909, 8.924107842653909], "2": [8.041747286075244, 8.041747286075244, 8.041747286075244, 8.041747286075244, 8.424076431877824, 8.424076431877824, 8.424076431877824, 8.424076431877824, 8.424076431877824, 8.424076431877824], "3": [6.538936023043749, 6.538936023043749, 6.538936023043749, 6.538936023043749, 6.799047845711568, 10.50732866451617, 10.50732866451617, 10.50732866451617, 10.965285441169922, 11.365008467547822], "4": [7.694870371664958, 7.694870371664958, 7.694870371664958, 7.694870371664958, 7.694870371664958, 8.278686014460899, 8.278686014460899, 8.278686014460899, 8.278686014460899, 8.278686014460899]}