{"0": [4.005573746947649, 5.975036403867453, 5.975036403867453, 5.975036403867453, 5.975036403867453, 5.975036403867453, 5.975036403867453, 5.975036403867453, 5.975036403867453, 5.975036403867453, 5.975036403867453, 7.829564006442215, 7.829564006442215, 7.829564006442215, 7.829564006442215, 7.829564006442215, 7.829564006442215, 7.829564006442215, 7.829564006442215, 7.829564006442215, 7.829564006442215, 7.829564006442215, 7.829564006442215, 7.829564006442215, 7.829564006442215, 7.854276745371349, 7.854276745371349, 7.854276745371349, 7.854276745371349, 7.854276745371349, 7.854276745371349, 7.854276745371349, 7.854276745371349, 8.057602322436308, 8.057602322436308, 8.057602322436308, 8.057602322436308, 8.057602322436308, 8.057602322436308, 8.057602322436308, 8.057602322436308, 8.057602322436308, 8.057602322436308, 8.057602322436308, 8.446006050742795, 8.446006050742795, 8.446006050742795, 8.446006050742795, 8.446006050742795, 8.446006050742795, 8.446006050742795, 8.446006050742795, 8.446006050742795, 8.446006050742795, 9.393562126487263, 9.393562126487263, 9.393562126487263, 9.393562126487263, 9.393562126487263, 9.393562126487263, 9.393562126487263, 9.393562126487263, 9.393562126487263, 9.393562126487263, 9.393562126487263, 9.393562126487263, 9.393562126487263, 9.393562126487263, 9.393562126487263, 9.393562126487263, 9.393562126487263, 9.393562126487263, 11.311513459282125, 11.311513459282125, 11.311513459282125, 11.311513459282125, 11.311513459282125, 11.311513459282125, 11.311513459282125, 11.311513459282125, 11.311513459282125, 11.311513459282125, 11.311513459282125, 11.311513459282125, 11.311513459282125, 11.311513459282125, 11.311513459282125, 11.311513459282125, 11.311513459282125, 11.311513459282125, 11.311513459282125, 11.311513459282125, 11.311513459282125, 11.311513459282125, 11.311513459282125, 11.311513459282125, 11.311513459282125, 11.311513459282125, 11.311513459282125, 11.311513459282125], "1": [4.913359162081016, 4.913359162081016, 5.339464049235451, 5.339464049235451, 5.339464049235451, 5.672112241853828, 5.672112241853828, 5.834726717568146, 5.834726717568146, 5.834726717568146, 5.834726717568146, 5.834726717568146, 5.843180107963221, 5.843180107963221, 7.504959596083781, 7.9834115550518545, 7.9834115550518545, 7.9834115550518545, 9.167886251906674, 9.167886251906674, 9.22723375807949, 9.22723375807949, 9.22723375807949, 9.22723375807949, 10.46663580195186, 10.46663580195186, 10.46663580195186, 10.821165915288185, 10.821165915288185, 10.821165915288185, 10.821165915288185, 10.821165915288185, 10.821165915288185, 10.821165915288185, 10.821165915288185, 10.821165915288185, 10.821165915288185, 10.821165915288185, 10.821165915288185, 10.821165915288185, 10.821165915288185, 10.821165915288185, 10.821165915288185, 10.864400159757212, 11.299506583174413, 11.299506583174413, 11.299506583174413, 11.299506583174413, 11.299506583174413, 11.299506583174413, 11.299506583174413, 11.299506583174413, 11.299506583174413, 11.299506583174413, 11.299506583174413, 11.299506583174413, 11.299506583174413, 11.299506583174413, 11.728732739614495, 11.728732739614495, 11.728732739614495, 11.728732739614495, 11.728732739614495, 11.728732739614495, 11.728732739614495, 11.728732739614495, 11.728732739614495, 11.728732739614495, 11.728732739614495, 11.728732739614495, 11.728732739614495, 11.728732739614495, 11.728732739614495, 11.728732739614495, 11.728732739614495, 11.814417844640566, 11.814417844640566, 11.814417844640566, 11.814417844640566, 12.639126653624015, 12.639126653624015, 12.639126653624015, 12.639126653624015, 12.639126653624015, 12.639126653624015, 12.639126653624015, 12.639126653624015, 12.639126653624015, 12.639126653624015, 12.639126653624015, 12.639126653624015, 12.639126653624015, 13.5965854417498, 13.5965854417498, 13.5965854417498, 13.5965854417498, 13.5965854417498, 13.5965854417498, 13.5965854417498, 13.5965854417498], "2": [6.749891729707348, 6.749891729707348, 6.749891729707348, 6.749891729707348, 7.35493071527415, 7.35493071527415, 7.35493071527415, 8.892816918968112, 8.892816918968112, 11.492850950004355, 11.492850950004355, 11.492850950004355, 11.492850950004355, 11.492850950004355, 11.492850950004355, 11.492850950004355, 11.492850950004355, 11.492850950004355, 11.492850950004355, 11.492850950004355, 11.492850950004355, 11.492850950004355, 11.492850950004355, 11.492850950004355, 11.492850950004355, 11.492850950004355, 11.492850950004355, 11.492850950004355, 11.492850950004355, 11.492850950004355, 11.492850950004355, 11.492850950004355, 11.492850950004355, 11.492850950004355, 11.492850950004355, 11.492850950004355, 11.492850950004355, 11.492850950004355, 11.492850950004355, 11.492850950004355, 11.492850950004355, 11.492850950004355, 11.492850950004355, 11.492850950004355, 11.492850950004355, 11.492850950004355, 11.492850950004355, 11.492850950004355, 11.492850950004355, 11.492850950004355, 11.492850950004355, 11.492850950004355, 11.492850950004355, 11.492850950004355, 11.492850950004355, 11.492850950004355, 11.492850950004355, 11.492850950004355, 11.492850950004355, 11.492850950004355, 11.492850950004355, 11.492850950004355, 11.492850950004355, 11.492850950004355, 11.492850950004355, 11.492850950004355, 11.492850950004355, 11.492850950004355, 11.492850950004355, 11.492850950004355, 11.492850950004355, 11.492850950004355, 11.492850950004355, 11.492850950004355, 11.492850950004355, 11.492850950004355, 11.492850950004355, 11.492850950004355, 11.492850950004355, 11.492850950004355, 11.492850950004355, 11.492850950004355, 11.492850950004355, 11.492850950004355, 11.492850950004355, 11.492850950004355, 11.492850950004355, 11.492850950004355, 11.492850950004355, 11.492850950004355, 11.492850950004355, 11.492850950004355, 11.492850950004355, 11.492850950004355, 11.492850950004355, 11.492850950004355, 11.492850950004355, 11.492850950004355, 11.492850950004355, 11.492850950004355], "3": [3.073559928100835, 3.0877279857672937, 3.0877279857672937, 3.0877279857672937, 4.2908126423875, 4.2908126423875, 4.61125201779871, 9.752800441443227, 9.752800441443227, 9.752800441443227, 9.752800441443227, 9.752800441443227, 9.752800441443227, 9.752800441443227, 9.752800441443227, 9.752800441443227, 9.752800441443227, 9.752800441443227, 9.752800441443227, 9.752800441443227, 9.752800441443227, 9.752800441443227, 9.752800441443227, 9.752800441443227, 9.752800441443227, 9.752800441443227, 9.752800441443227, 9.752800441443227, 9.752800441443227, 10.73546659183122, 10.73546659183122, 10.73546659183122, 10.73546659183122, 10.73546659183122, 10.73546659183122, 10.73546659183122, 10.73546659183122, 10.73546659183122, 10.73546659183122, 11.302463297844549, 11.302463297844549, 11.302463297844549, 11.302463297844549, 11.302463297844549, 11.302463297844549, 11.302463297844549, 11.302463297844549, 11.302463297844549, 11.302463297844549, 11.302463297844549, 11.302463297844549, 11.302463297844549, 11.302463297844549, 11.302463297844549, 11.302463297844549, 11.302463297844549, 11.302463297844549, 11.302463297844549, 11.302463297844549, 11.302463297844549, 11.302463297844549, 11.302463297844549, 11.302463297844549, 11.302463297844549, 11.302463297844549, 11.302463297844549, 11.302463297844549, 11.302463297844549, 11.302463297844549, 11.302463297844549, 11.302463297844549, 11.302463297844549, 11.302463297844549, 11.302463297844549, 11.302463297844549, 11.302463297844549, 11.302463297844549, 11.302463297844549, 11.302463297844549, 11.302463297844549, 11.302463297844549, 11.302463297844549, 11.302463297844549, 11.302463297844549, 11.302463297844549, 11.302463297844549, 11.302463297844549, 11.302463297844549, 11.302463297844549, 11.302463297844549, 11.302463297844549, 11.302463297844549, 11.302463297844549, 11.302463297844549, 11.302463297844549, 11.302463297844549, 11.302463297844549, 11.302463297844549, 11.302463297844549, 11.302463297844549],