{"0": [5.719138626688429, 5.719138626688429, 5.719138626688429, 5.719138626688429, 5.719138626688429, 5.719138626688429, 5.719138626688429, 8.13495621535484, 8.13495621535484, 8.13495621535484, 8.13495621535484, 8.13495621535484, 8.13495621535484, 8.13495621535484, 8.565674451396587, 8.565674451396587, 8.565674451396587, 8.565674451396587, 8.565674451396587, 8.565674451396587, 8.565674451396587, 8.565674451396587, 8.565674451396587, 8.565674451396587, 8.565674451396587, 8.565674451396587, 8.565674451396587, 8.565674451396587, 8.565674451396587, 8.565674451396587, 8.565674451396587, 8.565674451396587, 8.565674451396587, 8.565674451396587, 8.565674451396587, 8.565674451396587, 8.565674451396587, 8.565674451396587, 8.565674451396587, 8.565674451396587, 8.565674451396587, 8.565674451396587, 8.565674451396587, 8.565674451396587, 8.565674451396587, 8.565674451396587, 8.565674451396587, 8.565674451396587, 8.565674451396587, 9.26646447803468, 9.26646447803468, 9.26646447803468, 9.26646447803468, 9.26646447803468, 9.26646447803468, 9.26646447803468, 9.26646447803468, 9.26646447803468, 9.26646447803468, 9.448212674774846, 9.448212674774846, 9.448212674774846, 9.448212674774846, 9.896774959886764, 9.896774959886764, 9.896774959886764, 9.896774959886764, 9.896774959886764, 9.896774959886764, 9.896774959886764, 9.896774959886764, 9.896774959886764, 9.896774959886764, 9.896774959886764, 9.896774959886764, 9.896774959886764, 9.896774959886764, 9.896774959886764, 9.896774959886764, 9.896774959886764, 9.896774959886764, 9.896774959886764, 9.896774959886764, 9.896774959886764, 9.896774959886764, 9.896774959886764, 9.896774959886764, 9.896774959886764, 9.896774959886764, 9.896774959886764, 9.896774959886764, 9.896774959886764, 9.896774959886764, 9.896774959886764, 9.896774959886764, 9.896774959886764, 9.896774959886764, 9.896774959886764, 9.896774959886764, 9.896774959886764], "1": [4.116131589311061, 4.116131589311061, 4.116131589311061, 4.116131589311061, 5.028537950506604, 5.028537950506604, 5.028537950506604, 5.305496211728008, 5.305496211728008, 5.305496211728008, 5.305496211728008, 6.637598281592889, 6.637598281592889, 6.637598281592889, 6.856166175316002, 6.856166175316002, 6.856166175316002, 6.856166175316002, 6.856166175316002, 6.856166175316002, 6.856166175316002, 6.856166175316002, 6.856166175316002, 6.856166175316002, 6.856166175316002, 6.856166175316002, 6.856166175316002, 6.856166175316002, 6.856166175316002, 6.856166175316002, 6.856166175316002, 6.856166175316002, 7.143729097150866, 7.143729097150866, 7.143729097150866, 7.143729097150866, 7.7392421623602505, 7.7392421623602505, 7.7392421623602505, 7.7392421623602505, 7.7392421623602505, 7.7392421623602505, 7.7392421623602505, 7.7392421623602505, 7.7392421623602505, 7.7392421623602505, 7.7392421623602505, 7.7392421623602505, 7.7392421623602505, 7.7392421623602505, 7.7392421623602505, 7.7392421623602505, 7.7392421623602505, 7.7392421623602505, 7.7392421623602505, 7.7392421623602505, 7.7392421623602505, 7.7392421623602505, 7.7392421623602505, 7.7392421623602505, 7.7392421623602505, 7.7392421623602505, 7.7392421623602505, 7.7392421623602505, 7.7392421623602505, 7.7392421623602505, 7.7392421623602505, 7.797175150498888, 7.797175150498888, 7.797175150498888, 7.797175150498888, 7.797175150498888, 7.797175150498888, 7.797175150498888, 7.797175150498888, 7.797175150498888, 7.797175150498888, 7.797175150498888, 7.797175150498888, 7.797175150498888, 7.797175150498888, 7.797175150498888, 7.797175150498888, 7.797175150498888, 7.797175150498888, 7.797175150498888, 8.935384278376597, 12.050045300022418, 12.050045300022418, 12.050045300022418, 12.050045300022418, 12.050045300022418, 12.050045300022418, 12.050045300022418, 12.050045300022418, 12.050045300022418, 12.050045300022418, 12.050045300022418, 12.050045300022418, 12.050045300022418], "2": [4.851714851423112, 4.851714851423112, 4.851714851423112, 4.851714851423112, 4.851714851423112, 4.851714851423112, 4.851714851423112, 4.851714851423112, 4.851714851423112, 4.851714851423112, 4.899276888027033, 4.899276888027033, 4.899276888027033, 4.958343788157808, 4.958343788157808, 4.958343788157808, 6.376082572260437, 6.376082572260437, 6.376082572260437, 6.376082572260437, 6.376082572260437, 6.376082572260437, 6.376082572260437, 7.152230289523276, 7.152230289523276, 7.152230289523276, 7.152230289523276, 7.152230289523276, 7.152230289523276, 7.152230289523276, 7.152230289523276, 7.152230289523276, 7.152230289523276, 7.152230289523276, 7.152230289523276, 7.152230289523276, 7.152230289523276, 7.152230289523276, 7.152230289523276, 7.152230289523276, 7.152230289523276, 7.152230289523276, 7.152230289523276, 7.152230289523276, 7.152230289523276, 7.152230289523276, 7.152230289523276, 7.152230289523276, 7.152230289523276, 7.152230289523276, 7.152230289523276, 7.152230289523276, 7.152230289523276, 7.152230289523276, 7.152230289523276, 7.152230289523276, 7.152230289523276, 7.152230289523276, 7.2688238527819555, 7.2688238527819555, 7.2688238527819555, 7.2688238527819555, 7.2688238527819555, 7.2688238527819555, 7.2688238527819555, 7.2688238527819555, 7.2688238527819555, 7.2688238527819555, 7.2688238527819555, 7.2688238527819555, 7.2688238527819555, 7.2688238527819555, 7.2688238527819555, 7.2688238527819555, 7.2688238527819555, 7.2688238527819555, 7.2688238527819555, 7.2688238527819555, 7.2688238527819555, 7.2688238527819555, 7.2688238527819555, 7.2688238527819555, 7.2688238527819555, 7.2688238527819555, 7.2688238527819555, 7.2688238527819555, 7.2688238527819555, 7.2688238527819555, 7.2688238527819555, 7.2688238527819555, 7.2688238527819555, 7.2688238527819555, 9.537514953228028, 9.537514953228028, 9.537514953228028, 9.537514953228028, 9.537514953228028, 9.537514953228028, 9.537514953228028, 9.537514953228028], "3": [4.773655829327669, 4.773655829327669, 4.773655829327669, 4.773655829327669, 4.773655829327669, 5.108103641385813, 5.108103641385813, 7.890309072770381, 7.890309072770381, 7.890309072770381, 7.890309072770381, 7.890309072770381, 7.890309072770381, 7.890309072770381, 7.890309072770381, 7.890309072770381, 7.890309072770381, 7.890309072770381, 7.890309072770381, 7.890309072770381, 7.890309072770381, 7.890309072770381, 7.890309072770381, 7.890309072770381, 7.890309072770381, 7.890309072770381, 7.890309072770381, 7.890309072770381, 7.890309072770381, 7.890309072770381, 7.890309072770381, 7.890309072770381, 7.890309072770381, 7.890309072770381, 7.890309072770381, 7.890309072770381, 7.890309072770381, 7.890309072770381, 7.890309072770381, 7.890309072770381, 7.890309072770381, 7.890309072770381, 7.890309072770381, 7.890309072770381, 7.890309072770381, 7.890309072770381, 7.890309072770381, 7.890309072770381, 7.890309072770381, 7.890309072770381, 10.378496418793166, 10.378496418793166, 10.378496418793166, 10.378496418793166, 19.450935609407654, 19.450935609407654, 19.450935609407654, 19.450935609407654, 19.450935609407654, 19.450935609407654, 19.450935609407654, 19.450935609407654, 19.450935609407654, 19.450935609407654, 19.450935609407654, 19.450935609407654, 19.450935609407654, 19.450935609407654, 19.450935609407654, 19.450935609407654, 19.450935609407654, 19.450935609407654, 19.450935609407654, 19.450935609407654, 19.450935609407654, 19.450935609407654, 19.450935609407654, 19.450935609407654, 19.450935609407654, 19.450935609407654, 19.450935609407654, 19.450935609407654, 19.450935609407654, 19.450935609407654, 19.450935609407654, 19.450935609407654, 19.450935609407654, 19.450935609407654, 19.450935609407654, 19.450935609407654, 19.450935609407654, 19.450935609407654, 19.450935609407654, 19.450935609407654, 19.450935609407654, 19.450935609407654, 19.450935609407654, 19.450935609407654, 19.450935609407654, 19.450935609407654],