{"0": [6.795948228413708, 7.497303636979757, 8.037394409278795, 8.037394409278795, 8.739403039231693, 10.18460223980135, 10.18460223980135, 10.18460223980135, 10.18460223980135, 10.36518509803917, 10.36518509803917, 10.386857536573483, 10.386857536573483, 10.386857536573483, 10.386857536573483, 10.386857536573483, 10.386857536573483, 10.386857536573483, 10.386857536573483, 10.386857536573483, 10.386857536573483, 10.386857536573483, 10.386857536573483, 10.386857536573483, 10.386857536573483, 10.386857536573483, 10.386857536573483, 10.478344574649464, 10.478344574649464, 10.478344574649464, 10.478344574649464, 12.58358433789696, 12.58358433789696, 12.58358433789696, 12.58358433789696, 12.58358433789696, 12.58358433789696, 12.58358433789696, 12.58358433789696, 12.58358433789696, 12.58358433789696, 12.58358433789696, 12.58358433789696, 12.58358433789696, 12.58358433789696, 12.58358433789696, 12.58358433789696, 12.58358433789696, 12.58358433789696, 12.58358433789696, 15.517826226309007, 15.517826226309007, 15.517826226309007, 15.517826226309007, 17.18084849435171, 17.18084849435171, 17.18084849435171, 17.18084849435171, 17.18084849435171, 17.18084849435171, 17.46445293678519, 17.46445293678519, 19.67243877897067, 19.67243877897067, 19.67243877897067, 19.67243877897067, 19.67243877897067, 20.5710460144499, 20.5710460144499, 20.5710460144499, 20.5710460144499, 20.5710460144499, 20.5710460144499, 20.5710460144499, 20.5710460144499, 20.5710460144499, 20.5710460144499, 20.5710460144499, 20.5710460144499, 20.5710460144499, 20.5710460144499, 20.5710460144499, 20.5710460144499, 20.5710460144499, 20.5710460144499, 20.5710460144499, 20.5710460144499, 20.5710460144499, 20.5710460144499, 20.5710460144499, 20.5710460144499, 20.5710460144499, 20.5710460144499, 20.5710460144499, 20.5710460144499, 20.5710460144499, 20.5710460144499, 20.5710460144499, 20.5710460144499, 20.5710460144499], "1": [5.957887687564698, 5.957887687564698, 5.957887687564698, 5.957887687564698, 5.957887687564698, 5.957887687564698, 5.957887687564698, 5.957887687564698, 5.957887687564698, 5.957887687564698, 6.600570343179554, 6.600570343179554, 6.600570343179554, 6.600570343179554, 6.600570343179554, 6.600570343179554, 7.112981712833617, 7.112981712833617, 7.112981712833617, 7.112981712833617, 7.112981712833617, 7.112981712833617, 7.112981712833617, 7.112981712833617, 7.112981712833617, 7.112981712833617, 7.112981712833617, 7.112981712833617, 7.112981712833617, 7.112981712833617, 7.112981712833617, 7.112981712833617, 7.112981712833617, 7.112981712833617, 7.112981712833617, 7.112981712833617, 7.112981712833617, 7.112981712833617, 7.112981712833617, 7.112981712833617, 7.475474641223817, 7.475474641223817, 7.475474641223817, 7.475474641223817, 8.030190653528987, 8.030190653528987, 8.030190653528987, 8.030190653528987, 8.030190653528987, 8.030190653528987, 8.030190653528987, 8.030190653528987, 8.030190653528987, 8.030190653528987, 8.030190653528987, 8.030190653528987, 8.030190653528987, 8.030190653528987, 8.030190653528987, 8.030190653528987, 8.07799803162205, 8.07799803162205, 8.07799803162205, 8.07799803162205, 9.029733211878362, 9.029733211878362, 9.029733211878362, 9.029733211878362, 9.034559976268142, 9.034559976268142, 9.034559976268142, 9.034559976268142, 9.034559976268142, 9.034559976268142, 9.034559976268142, 9.034559976268142, 9.034559976268142, 9.034559976268142, 9.034559976268142, 9.034559976268142, 10.234075687746316, 10.234075687746316, 10.234075687746316, 10.234075687746316, 10.234075687746316, 10.234075687746316, 10.234075687746316, 10.234075687746316, 10.234075687746316, 10.234075687746316, 10.280426417855274, 10.280426417855274, 10.280426417855274, 10.280426417855274, 10.280426417855274, 10.280426417855274, 10.280426417855274, 10.280426417855274, 10.280426417855274, 10.280426417855274], "2": [3.315615002070874, 3.315615002070874, 3.315615002070874, 3.465065446850142, 3.465065446850142, 3.877023289250167, 3.877023289250167, 6.629664114297976, 6.629664114297976, 6.629664114297976, 6.629664114297976, 6.629664114297976, 6.629664114297976, 6.629664114297976, 6.629664114297976, 6.629664114297976, 6.629664114297976, 6.629664114297976, 6.629664114297976, 6.629664114297976, 6.629664114297976, 6.629664114297976, 6.629664114297976, 6.629664114297976, 6.629664114297976, 6.629664114297976, 6.629664114297976, 6.629664114297976, 6.842482951905559, 6.842482951905559, 6.842482951905559, 6.842482951905559, 6.842482951905559, 6.842482951905559, 6.842482951905559, 6.842482951905559, 6.842482951905559, 6.842482951905559, 6.842482951905559, 6.842482951905559, 6.842482951905559, 6.842482951905559, 6.842482951905559, 6.842482951905559, 6.842482951905559, 6.842482951905559, 6.842482951905559, 6.842482951905559, 6.842482951905559, 6.842482951905559, 6.842482951905559, 6.849742538996817, 6.849742538996817, 7.4428363682829115, 7.4428363682829115, 7.4428363682829115, 7.4428363682829115, 7.4428363682829115, 7.4428363682829115, 8.51295012118977, 13.548709984999238, 13.548709984999238, 13.548709984999238, 13.548709984999238, 13.548709984999238, 13.548709984999238, 13.548709984999238, 13.548709984999238, 13.548709984999238, 13.548709984999238, 13.548709984999238, 13.548709984999238, 13.548709984999238, 13.548709984999238, 13.548709984999238, 13.548709984999238, 13.548709984999238, 13.548709984999238, 13.548709984999238, 13.548709984999238, 13.548709984999238, 13.548709984999238, 13.548709984999238, 13.548709984999238, 13.548709984999238, 13.548709984999238, 13.548709984999238, 13.548709984999238, 13.548709984999238, 13.548709984999238, 13.548709984999238, 13.548709984999238, 13.548709984999238, 13.548709984999238, 13.548709984999238, 13.548709984999238, 13.548709984999238, 13.548709984999238, 13.548709984999238, 13.548709984999238], "3": [5.7988436461649995, 5.7988436461649995, 5.7988436461649995, 5.7988436461649995, 5.7988436461649995, 5.7988436461649995, 5.7988436461649995, 5.7988436461649995, 5.7988436461649995, 5.7988436461649995, 5.7988436461649995, 5.7988436461649995, 5.7988436461649995, 5.7988436461649995, 5.7988436461649995, 7.175483102082912, 7.175483102082912, 7.175483102082912, 7.175483102082912, 7.175483102082912, 7.175483102082912, 7.175483102082912, 7.175483102082912, 7.175483102082912, 7.175483102082912, 7.175483102082912, 7.175483102082912, 7.175483102082912, 7.175483102082912, 7.175483102082912, 7.175483102082912, 7.175483102082912, 7.175483102082912, 7.175483102082912, 7.175483102082912, 7.175483102082912, 7.175483102082912, 7.175483102082912, 7.175483102082912, 7.175483102082912, 7.175483102082912, 7.175483102082912, 7.175483102082912, 7.175483102082912, 7.175483102082912, 7.175483102082912, 7.175483102082912, 7.175483102082912, 7.175483102082912, 7.175483102082912, 7.175483102082912, 7.175483102082912, 7.175483102082912, 7.175483102082912, 7.175483102082912, 7.654125305981433, 7.654125305981433, 7.654125305981433, 7.654125305981433, 7.654125305981433, 7.654125305981433, 7.654125305981433, 7.654125305981433, 8.983177826898716, 8.983177826898716, 8.983177826898716, 8.983177826898716, 8.983177826898716, 8.983177826898716, 8.983177826898716, 8.983177826898716, 8.983177826898716, 8.983177826898716, 8.983177826898716, 8.983177826898716, 8.983177826898716, 8.983177826898716, 8.983177826898716, 8.983177826898716, 8.983177826898716, 8.983177826898716, 8.983177826898716, 8.983177826898716, 8.983177826898716, 8.983177826898716, 8.983177826898716, 8.983177826898716, 8.983177826898716, 8.983177826898716, 8.983177826898716, 8.983177826898716, 8.983177826898716, 8.983177826898716, 8.983177826898716, 8.983177826898716, 8.983177826898716, 8.983177826898716, 8.983177826898716, 8.983177826898716, 8.983177826898716],