{"0": [6.744450035764808, 6.744450035764808, 6.744450035764808, 6.744450035764808, 6.744450035764808, 6.744450035764808, 6.744450035764808, 6.744450035764808, 6.744450035764808, 6.744450035764808, 6.744450035764808, 6.744450035764808, 9.293709569741546, 9.336074631106172, 9.421496330743432, 9.421496330743432, 10.77190254154959, 10.77190254154959, 10.77190254154959, 18.94922837120679, 18.94922837120679, 18.94922837120679, 18.94922837120679, 18.94922837120679, 18.94922837120679, 18.94922837120679, 18.94922837120679, 18.94922837120679, 18.94922837120679, 18.94922837120679, 18.94922837120679, 18.94922837120679, 18.94922837120679, 18.94922837120679, 18.94922837120679, 18.94922837120679, 18.94922837120679, 18.94922837120679, 18.94922837120679, 18.94922837120679, 18.94922837120679, 18.94922837120679, 18.94922837120679, 18.94922837120679, 18.94922837120679, 18.94922837120679, 18.94922837120679, 18.94922837120679, 18.94922837120679, 18.94922837120679, 18.94922837120679, 18.94922837120679, 18.94922837120679, 18.94922837120679, 18.94922837120679, 18.94922837120679, 18.94922837120679, 18.94922837120679, 18.94922837120679, 18.94922837120679, 18.94922837120679, 18.94922837120679, 18.94922837120679, 18.94922837120679, 18.94922837120679, 18.94922837120679, 18.94922837120679, 18.94922837120679, 18.94922837120679, 18.94922837120679, 18.94922837120679, 18.94922837120679, 18.94922837120679, 18.94922837120679, 18.94922837120679, 18.94922837120679, 18.94922837120679, 18.94922837120679, 18.94922837120679, 18.94922837120679, 18.94922837120679, 18.94922837120679, 18.94922837120679, 18.94922837120679, 18.94922837120679, 18.94922837120679, 18.94922837120679, 18.94922837120679, 18.94922837120679, 18.94922837120679, 18.94922837120679, 18.94922837120679, 18.94922837120679, 18.94922837120679, 18.94922837120679, 21.170623266608764, 21.170623266608764, 21.170623266608764, 21.170623266608764, 21.170623266608764], "1": [4.962908452501425, 4.962908452501425, 4.962908452501425, 8.118119242411966, 8.118119242411966, 8.118119242411966, 8.118119242411966, 8.118119242411966, 8.118119242411966, 8.118119242411966, 8.118119242411966, 8.118119242411966, 8.118119242411966, 8.118119242411966, 8.118119242411966, 8.118119242411966, 8.118119242411966, 8.118119242411966, 8.118119242411966, 8.118119242411966, 8.118119242411966, 8.118119242411966, 8.118119242411966, 8.118119242411966, 8.118119242411966, 8.118119242411966, 8.118119242411966, 8.118119242411966, 8.118119242411966, 8.118119242411966, 8.118119242411966, 8.118119242411966, 8.118119242411966, 8.118119242411966, 8.118119242411966, 8.118119242411966, 8.118119242411966, 8.118119242411966, 8.118119242411966, 8.118119242411966, 8.118119242411966, 8.118119242411966, 8.118119242411966, 8.118119242411966, 8.118119242411966, 8.118119242411966, 8.118119242411966, 8.118119242411966, 8.118119242411966, 8.118119242411966, 8.118119242411966, 8.118119242411966, 8.118119242411966, 8.118119242411966, 8.118119242411966, 8.118119242411966, 8.118119242411966, 8.118119242411966, 8.118119242411966, 8.118119242411966, 8.118119242411966, 8.118119242411966, 8.118119242411966, 8.118119242411966, 8.118119242411966, 8.118119242411966, 8.118119242411966, 8.118119242411966, 8.118119242411966, 8.118119242411966, 8.118119242411966, 8.118119242411966, 8.118119242411966, 8.118119242411966, 8.118119242411966, 8.118119242411966, 8.118119242411966, 8.118119242411966, 8.118119242411966, 8.118119242411966, 8.118119242411966, 8.118119242411966, 8.118119242411966, 8.118119242411966, 8.118119242411966, 8.118119242411966, 8.118119242411966, 8.118119242411966, 8.118119242411966, 8.654103810724434, 8.654103810724434, 8.654103810724434, 8.654103810724434, 8.654103810724434, 8.654103810724434, 8.654103810724434, 8.654103810724434, 8.654103810724434, 8.654103810724434, 8.654103810724434], "2": [6.801404156076367, 7.659442640595834, 7.659442640595834, 7.659442640595834, 10.265867106226061, 10.265867106226061, 10.265867106226061, 10.265867106226061, 10.265867106226061, 10.265867106226061, 10.265867106226061, 10.265867106226061, 10.265867106226061, 10.265867106226061, 10.265867106226061, 10.265867106226061, 10.265867106226061, 10.265867106226061, 10.265867106226061, 22.206862266739652, 22.206862266739652, 22.206862266739652, 22.206862266739652, 22.206862266739652, 22.206862266739652, 22.206862266739652, 22.206862266739652, 22.206862266739652, 22.206862266739652, 23.8062031673399, 23.8062031673399, 23.8062031673399, 23.8062031673399, 23.8062031673399, 23.8062031673399, 23.8062031673399, 23.8062031673399, 23.8062031673399, 23.8062031673399, 23.8062031673399, 23.8062031673399, 23.8062031673399, 23.8062031673399, 23.8062031673399, 23.8062031673399, 23.8062031673399, 23.8062031673399, 23.8062031673399, 23.8062031673399, 23.8062031673399, 23.8062031673399, 23.8062031673399, 23.8062031673399, 23.8062031673399, 23.8062031673399, 23.8062031673399, 23.8062031673399, 23.8062031673399, 23.8062031673399, 23.8062031673399, 23.8062031673399, 23.8062031673399, 23.8062031673399, 23.8062031673399, 23.8062031673399, 23.8062031673399, 23.8062031673399, 23.8062031673399, 23.8062031673399, 23.8062031673399, 23.8062031673399, 23.8062031673399, 23.8062031673399, 23.8062031673399, 23.8062031673399, 23.8062031673399, 23.8062031673399, 23.8062031673399, 23.8062031673399, 23.8062031673399, 23.8062031673399, 23.8062031673399, 23.8062031673399, 23.8062031673399, 23.8062031673399, 23.8062031673399, 23.8062031673399, 23.8062031673399, 23.8062031673399, 23.8062031673399, 23.8062031673399, 23.8062031673399, 23.8062031673399, 23.8062031673399, 23.8062031673399, 23.8062031673399, 23.8062031673399, 23.8062031673399, 23.8062031673399, 23.8062031673399], "3": [4.191461388660505, 4.191461388660505, 4.341431471385303, 4.3715457386278915, 4.8565604765587596, 4.8565604765587596, 4.8565604765587596, 5.9189651201474796, 5.9189651201474796, 6.780957401418247, 7.1297602708742485, 7.1297602708742485, 7.1297602708742485, 7.1297602708742485, 7.1297602708742485, 7.332682450397369, 7.332682450397369, 7.332682450397369, 7.332682450397369, 7.332682450397369, 7.332682450397369, 7.332682450397369, 7.332682450397369, 7.332682450397369, 7.332682450397369, 7.479511168239786, 7.479511168239786, 7.99401919278522, 7.99401919278522, 7.99401919278522, 7.99401919278522, 7.99401919278522, 7.99401919278522, 7.99401919278522, 7.99401919278522, 7.99401919278522, 7.99401919278522, 8.103452664600692, 8.103452664600692, 8.103452664600692, 8.103452664600692, 8.103452664600692, 8.349247640947025, 8.349247640947025, 8.349247640947025, 8.349247640947025, 8.349247640947025, 8.349247640947025, 8.349247640947025, 8.349247640947025, 8.349247640947025, 9.087197261546683, 9.087197261546683, 9.087197261546683, 9.087197261546683, 9.087197261546683, 9.087197261546683, 9.087197261546683, 9.087197261546683, 9.087197261546683, 9.087197261546683, 9.087197261546683, 9.087197261546683, 9.087197261546683, 9.936581604952188, 9.936581604952188, 9.936581604952188, 9.936581604952188, 9.936581604952188, 9.936581604952188, 9.936581604952188, 9.936581604952188, 9.936581604952188, 9.936581604952188, 9.936581604952188, 9.936581604952188, 9.936581604952188, 9.936581604952188, 9.936581604952188, 11.775079235300302, 11.775079235300302, 11.775079235300302, 11.775079235300302, 11.775079235300302, 11.775079235300302, 11.775079235300302, 11.836219136607193, 11.836219136607193, 12.457161483335643, 12.457161483335643, 12.457161483335643, 12.457161483335643, 12.457161483335643, 12.457161483335643, 12.457161483335643, 12.457161483335643, 12.457161483335643, 12.457161483335643, 12.457161483335643, 12.457161483335643],