{"0": [4.600820452553178, 4.600820452553178, 5.209801486024704, 5.5334432327148075, 6.173463054339742, 6.285284512689002, 7.333786593752933, 7.333786593752933, 7.333786593752933, 7.333786593752933], "1": [4.823721385155279, 4.823721385155279, 4.823721385155279, 4.823721385155279, 4.823721385155279, 5.696107918590443, 9.759266723735447, 9.759266723735447, 9.759266723735447, 9.759266723735447], "2": [8.041747286075244, 8.041747286075244, 8.288154104643613, 8.288154104643613, 8.288154104643613, 8.288154104643613, 8.288154104643613, 8.288154104643613, 8.288154104643613, 8.288154104643613], "3": [6.538936023043749, 6.538936023043749, 6.538936023043749, 6.538936023043749, 6.538936023043749, 6.538936023043749, 6.647706062149299, 8.040585619748587, 8.040585619748587, 8.295227991891451], "4": [7.694870371664958, 7.694870371664958, 7.694870371664958, 7.694870371664958, 8.476549607832855, 8.476549607832855, 8.476549607832855, 8.476549607832855, 8.476549607832855, 8.476549607832855]}