{"1": [4.823721385155279, 6.5886324983112505, 6.5886324983112505, 6.621171343681721, 6.667286434549516, 7.9888500702936325, 7.9888500702936325, 9.365362749423555, 9.365362749423555, 9.365362749423555], "2": [8.041747286075244, 8.041747286075244, 8.041747286075244, 8.792843685453938, 8.792843685453938, 8.792843685453938, 8.792843685453938, 8.792843685453938, 8.792843685453938, 8.792843685453938], "3": [6.538936023043749, 6.538936023043749, 6.538936023043749, 6.538936023043749, 6.885877680085113, 6.885877680085113, 6.885877680085113, 6.885877680085113, 6.885877680085113, 9.599292520256016], "4": [7.694870371664958, 7.694870371664958, 7.694870371664958, 7.694870371664958, 7.694870371664958, 7.694870371664958, 7.694870371664958, 7.694870371664958, 8.225665834419837, 8.225665834419837], "5": [7.482696823677224, 7.482696823677224, 7.482696823677224, 9.32720819341103, 9.32720819341103, 9.32720819341103, 9.32720819341103, 9.955051368540895, 9.986960766031478, 9.986960766031478]}