{"0": [4.600820452553178, 4.600820452553178, 4.600820452553178, 5.209801486024704, 5.209801486024704, 5.2373109300706595, 5.826384366831829, 5.826384366831829, 6.439697647728462, 6.439697647728462], "1": [4.823721385155279, 6.5886324983112505, 6.5886324983112505, 6.621171343681721, 6.667286434549516, 7.9888500702936325, 7.9888500702936325, 9.365362749423555, 9.365362749423555, 9.365362749423555], "2": [8.041747286075244, 8.041747286075244, 8.041747286075244, 8.792843685453938, 8.792843685453938, 8.792843685453938, 8.792843685453938, 8.792843685453938, 8.792843685453938, 8.792843685453938], "3": [6.538936023043749, 6.538936023043749, 6.538936023043749, 6.538936023043749, 6.885877680085113, 6.885877680085113, 6.885877680085113, 6.885877680085113, 6.885877680085113, 9.599292520256016], "4": [7.694870371664958, 7.694870371664958, 7.694870371664958, 7.694870371664958, 7.694870371664958, 7.694870371664958, 7.694870371664958, 7.694870371664958, 8.225665834419837, 8.225665834419837]}