{"0": [4.600820452553178, 4.600820452553178, 4.600820452553178, 4.600820452553178, 4.977336734739132, 4.977336734739132, 4.977336734739132, 6.85752660089319, 8.938037850377862, 8.938037850377862], "1": [4.823721385155279, 6.334324209777327, 6.334324209777327, 6.334324209777327, 6.656152530805171, 7.2235764014458335, 8.741521884578546, 9.45849860159509, 9.45849860159509, 9.45849860159509], "2": [8.041747286075244, 8.041747286075244, 8.792843685453938, 8.792843685453938, 8.792843685453938, 8.792843685453938, 8.792843685453938, 8.792843685453938, 8.792843685453938, 8.792843685453938], "3": [6.538936023043749, 6.538936023043749, 6.538936023043749, 6.538936023043749, 6.538936023043749, 6.538936023043749, 6.538936023043749, 6.538936023043749, 6.538936023043749, 6.538936023043749], "4": [7.694870371664958, 7.694870371664958, 7.694870371664958, 7.694870371664958, 7.694870371664958, 7.694870371664958, 7.694870371664958, 7.694870371664958, 8.225665834419837, 8.408332127767924]}